638766fc_165b_3d04_93d4_f0ce9fff08f8,1027523a-63c3-3779-a867-fbcf6816b97e
_gamerking_,fbc542cd-48b0-3308-8c19-8142825aa516
faction_1,4a33caca-d9aa-37f8-b7e7-5d1e72faec55
faction_2,8d799956-3ef3-3663-8090-eb48cab00c6e
fbc542cd_48b0_3308_8c19_8142825aa516,7bcad90d-7a65-3643-bc22-4122ef5779eb
fihch,f2eac820-12de-37ca-8bb8-3c3a7139467b
finch,e1c4063e-acad-3907-b5da-8e8e1e6e1f84
mctest,638766fc-165b-3d04-93d4-f0ce9fff08f8
mmkungth,0f6a8bed-a0e7-35c2-a984-e8ed70b622d1
nekitoartz,8d1cd965-3063-37f8-bfa4-b7f2f8ce12ac
nicole,06fbf5c3-8364-39fd-a8da-1855cf7bbeed
painfullpvpl,72539224-3fba-322d-a6fb-0c335fef1e2c
sabrina,e6946805-a963-383d-95f8-acf74d18a06c
sherwin13,bd12fa6e-0823-3a3a-84e7-edeb0e224d95
